disc	track	brand	artist	title
575	1	PT	Blake Shelton	Sure Be Cool If You Did
575	2	PT	Hunter Hayes	Wanted
575	3	PT	Miranda Lambert	Mama’s Broken Heart
575	4	PT	Blake Shelton	Boys ‘Round Here
575	5	PT	Lady Antebellum	Downtown
575	6	PT	Gary Allan	Every Storm (Runs Out Of Rain)
575	7	PT	Taylor Swift	Begin Again
575	8	PT	Tim McGraw	One Of Those Nights
575	9	PT	Florida Georgia Line	Get Your Shine On
575	10	PT	Carrie Underwood	Two Black Cadillacs
575	11	PT	Randy Houser	How Country Feels
575	12	PT	Thompson Square	If I Didn’t Have You
575	13	PT	Tim McGraw With Taylor Swift	Highway Don’t Care
575	14	PT	Little Big Town	Tornado
575	15	PT	Lee Brice	I Drive Your Truck
575	16	PT	Justin Moore	Til My Last Day
576	1	PT	Luke Bryan	That’s My Kind Of Night
576	2	PT	Florida Georgia Line	Stay
576	3	PT	Miranda Lambert & Keith Urban	We Were Us
576	4	PT	Luke Bryan	Drink A Beer
576	5	PT	Thomas Rhett	It Goes Like This
576	6	PT	Taylor Swift	Red
576	7	PT	Randy Houser	Runnin’ Outta Moonlight
576	8	PT	Cassadee Pope	Wasting All These Tears
576	9	PT	Luke Bryan	Crash My Party
576	10	PT	Eli Young Band	Drunk Last Night
576	11	PT	Carrie Underwood	See You Again
576	12	PT	Florida Georgia Line	Round Here
576	13	PT	Blake Shelton	Mine Would Be You
576	14	PT	The Band Perry	Don’t Let Me Be Lonely
576	15	PT	Tim McGraw	Southern Girl
576	16	PT	Kacey Musgraves	Follow Your Arrow
577	1	PT	Florida Georgia Line Ft	This Is How We Roll
577	2	PT	Luke Bryan	Play It Again
577	3	PT	Miranda Lambert With Carrie Underwood	Somethin’ Bad
577	4	PT	Dierks Bentley	Drunk On A Plane
577	5	PT	Brantley Gilbert	Bottoms Up
577	6	PT	The Band Perry	Chainsaw
577	7	PT	Scotty McCreery	See You Tonight
577	8	PT	Miranda Lambert	Automatic
577	9	PT	Jerrod Niemann	Drink To That All Night
577	10	PT	David Nail	Whatever She’s Got
577	11	PT	Danielle Bradbery	The Heart Of Dixie
577	12	PT	Blake Shelton	Doin’ What She Likes
577	13	PT	Hunter Hayes	I Want Crazy
577	14	PT	Cassadee Pope	I Wish I Could Break Your Heart
577	15	PT	Cole Swindell	Chillin’ It
577	16	PT	Kacey Musgraves	Keep It To Yourself
578	1	PT	Jason Aldean	Burnin’ It Down
578	2	PT	Carrie Underwood	Something In The Water
578	3	PT	Sam Hunt	Take Your Time
578	4	PT	Florida Georgia Line	Dirt
578	5	PT	Miranda Lambert	Little Red Wagon
578	6	PT	Sam Hunt	Leave The Night On
578	7	PT	Tim McGraw	Shotgun Rider
578	8	PT	Little Big Town	Day Drinking
578	9	PT	Jake Owen	Beachin’
578	10	PT	Lee Brice	I Don’t Dance
578	11	PT	The Band Perry	Gentle On My Mind
578	12	PT	Chris Young	Who I Am With You
578	13	PT	Kenny Chesney	American Kids
578	14	PT	Little Big Town	Girl Crush
578	15	PT	Luke Bryan	Roller Coaster
578	16	PT	Carrie Underwood	Little Toy Guns
579	1	PT	Sam Hunt	House Party
579	2	PT	Carrie Underwood	Smoke Break
579	3	PT	Chris Janson	Buy Me A Boat
579	4	PT	Luke Bryan	Kick The Dust Up
579	5	PT	Kelsea Ballerini	Love Me Like You Mean It
579	6	PT	Canaan Smith	Love You Like That
579	7	PT	Cam	Burning House
579	8	PT	Cole Swindell	Ain’t Worth The Whiskey
579	9	PT	Florida Georgia Line	Sun Daze
579	10	PT	Jana Kramer	I Got The Boy
579	11	PT	Luke Bryan	I See You
579	12	PT	Reba McEntire	Going Out Like That
579	13	PT	Blake Shelton	Sangria
579	14	PT	Kacey Musgraves	Biscuits
579	15	PT	Michael Ray	Kiss You In The Morning
579	16	PT	Miranda Lambert	Roots And Wings
580	1	PT	Thomas Rhett	Die A Happy Man
580	2	PT	Dierks Bentley	Somewhere On A Beach
580	3	PT	Kelsea Ballerini	Dibs
580	4	PT	Cole Swindell	You Should Be Here
580	5	PT	Luke Bryan	Strip It Down
580	6	PT	Chris Young (duet with) Cassadee Pope	Think Of You
580	7	PT	LoCash	I Love This Life
580	8	PT	Carrie Underwood	Heartbeat
580	9	PT	Tim McGraw	Humble And Kind
580	10	PT	Maren Morris	My Church
580	11	PT	Sam Hunt	Break Up In A Small Town
580	12	PT	Carrie Underwood	Church Bells
580	13	PT	Chris Stapleton	Tennesee Whiskey
580	14	PT	Chris Young	I’m Comin’ Over
580	15	PT	Lauren Alaina	Next Boyfriend
580	16	PT	Thomas Rhett	Crash And Burn
581	1	PT	Florida Georgia Line	H.O.L.Y.
581	2	PT	Keith Urban	Blue Ain’t Your Color
581	3	PT	Kelsea Ballerini	Peter Pan
581	4	PT	Kenny Chesney ft. P!nk 	Setting The World On Fire
581	5	PT	Florida Georgia line ft. Tim McGraw	May We All
581	6	PT	Maren Morris	80s Mercedes
581	7	PT	Luke Bryan	Huntin’, Fishin’ And Lovin’ Every Day
581	8	PT	Blake Shelton	Came Here To Forget
581	9	PT	Florida Georgia Line	Anything Goes
581	10	PT	Thomas Rhett	T-Shirt
581	11	PT	Kelsea Ballerini	Yeah Boy
581	12	PT	Jon Pardi	Head Over Boots
581	13	PT	Carrie Underwood	Dirty Laundry
581	14	PT	Jake Owen	American Country Love Song
581	15	PT	Miranda Lambert	Vice
581	16	PT	Eric Church	Record Year
582	1	PT	Sam Hunt	Body Like A Back Road
582	2	PT	Jon Pardi	Dirt On My Boots
582	3	PT	Keith Urban & Carrie Underwood	The Fighter
582	4	PT	Josh Turner	Hometown Girl
582	5	PT	Florida Georgia Line ft	God, Your Mama, And Me
582	6	PT	Lauren Alaina	Road Less Traveled
582	7	PT	Dylan Scott	My Girl
582	8	PT	Thomas Rhett ft	Craving You
582	9	PT	Brett Eldredge	Wanna Be That Song
582	10	PT	Miranda Lambert	Tin Man
582	11	PT	Darius Rucker	If I Told You
582	12	PT	Lady Antebellum	You Look Good
582	13	PT	Midland	Drinkin’ Problem
582	14	PT	Carly Pearce	Every Little Thing
582	15	PT	Cole Swindell	Middle Of A Memory
582	16	PT	Kelsea Ballerini	Legends
583	1	ZK	Amelia Lily	Party Over
583	2	ZK	Avicii	Hey Brother
583	3	ZK	Avicii	You Make Me
583	4	ZK	Avicii feat. Aloe Blacc	Wake Me Up
583	5	ZK	Avicii feat. Nicky Romero	I Could Be The One
583	6	ZK	Bastille	Of The Night
583	7	ZK	Bastille	Pompeii
583	8	ZK	Boyzone	Love Will Save The Day
583	9	ZK	Bridgit Mendler	Ready Or Not
583	10	ZK	Britney Spears	Work Bitch
583	11	ZK	Bruno Mars	Gorilla
583	12	ZK	Bruno Mars	Treasure
583	13	ZK	Bruno Mars	When I Was Your Man
583	14	ZK	Calvin Harris & Alesso	Under Control
583	15	ZK	Calvin Harris feat. Ellie Goulding	I Need Your Love
583	16	ZK	Conor Maynard	R U Crazy
583	17	ZK	Daft Punk feat. Pharrell Williams	Get Lucky
583	18	ZK	Demi Lovato	Heart Attack
583	19	ZK	Demi Lovato	Neon Lights
583	20	ZK	Eminem feat. Rihanna	The Monster
584	1	ZK	Dizzee Rascal feat. Robbie Williams	Goin' Crazy
584	2	ZK	Drake feat. Majid Jordan	Hold On, We're Going Home
584	3	ZK	Ellie Goulding	Burn
584	4	ZK	Ellie Goulding	How Long Will I Love You
584	5	ZK	Elton John & Gary Barlow	Face To Face
584	6	ZK	Fall Out Boy	My Songs Know What You Did In The Dark (Light 'Em Up)
584	7	ZK	Fall Out Boy	Where Did The Party Go
584	8	ZK	Gabrielle Aplin	Please Don't Say You Love Me
584	9	ZK	Gabz	Lighters (The One)
584	10	ZK	Gary Barlow	Let Me Go
584	11	ZK	Haim	Don't Save Me
584	12	ZK	James Arthur	You're Nobody 'Til Somebody Loves You
584	13	ZK	James Blunt	Bonfire Heart
584	14	ZK	Jason Derulo	The Other Side
584	15	ZK	Jason Derulo	Trumpets
584	16	ZK	Jessie J	It's My Party
584	17	ZK	Jessie J	Thunder
584	18	ZK	Jessie J feat. Dizzee Rascal & Big Sean	Wild
584	19	ZK	JLS	Billion Lights
584	20	ZK	Justin Timberlake	Mirrors
585	1	ZK	Icona Pop feat. Charli XCX	I Love It
585	2	ZK	Jason Derulo feat. 2 Chainz	Talk Dirty
585	3	ZK	John Newman	Cheating
585	4	ZK	John Newman	Losing Sleep
585	5	ZK	John Newman	Love Me Again
585	6	ZK	Justin Bieber	Heartbreaker
585	7	ZK	Katy Perry	Roar
585	8	ZK	Katy Perry	Unconditionally
585	9	ZK	Katy Perry	Walking On Air
585	10	ZK	Klangkarussell feat. Will Heard	Sonnentanz (Sun Don't Shine)
585	11	ZK	Lady Gaga	Applause
585	12	ZK	Lady Gaga	Venus
585	13	ZK	Lady Gaga feat. R. Kelly	Do What U Want
585	14	ZK	Lawson	Juliet
585	15	ZK	Lawson	Learn To Love Again
585	16	ZK	Lawson feat. B.o.B	Brokenhearted
585	17	ZK	Lily Allen	Hard Out Here
585	18	ZK	Lily Allen	Somewhere Only We Know
585	19	ZK	Little Mix	Move
585	20	ZK	Macklemore & Ryan Lewis feat. Mary Lambert	Same Love
586	1	ZK	Lana Del Rey & Cedric Gervais	Summertime Sadness [Remix]
586	2	ZK	London Grammar	Strong
586	3	ZK	Lorde	Royals
586	4	ZK	Macklemore & Ryan Lewis	Can't Hold Us
586	5	ZK	Macklemore & Ryan Lewis feat. Wanz	Thrift Shop
586	6	ZK	Matt Cardle & Melanie C	Loving You
586	7	ZK	McFly	Love Is Easy
586	8	ZK	McFly	Love Is On The Radio
586	9	ZK	Michael Buble	It's A Beautiful Day
586	10	ZK	Miley Cyrus	We Can't Stop
586	11	ZK	Miley Cyrus	Wrecking Ball
586	12	ZK	Naughty Boy feat. Emeli Sande	Lifted
586	13	ZK	Naughty Boy feat. Sam Smith	La La La
586	14	ZK	Nelly	Hey Porsche
586	15	ZK	Nicole Scherzinger	Boomerang
586	16	ZK	Olly Murs	Army Of Two
586	17	ZK	Olly Murs	Dear Darlin'
586	18	ZK	Olly Murs	Hand On Heart
586	19	ZK	Olly Murs	Right Place, Right Time
586	20	ZK	Rudimental feat. Ella Eyre	Waiting All Night
587	1	ZK	Loveable Rogues	What A Night
587	2	ZK	One Direction	Best Song Ever
587	3	ZK	One Direction	Diana
587	4	ZK	One Direction	Midnight Memories
587	5	ZK	One Direction	One Way Or Another (Teenage Kicks)
587	6	ZK	One Direction	Story Of My Life
587	7	ZK	Passenger	Let Her Go
587	8	ZK	Pharrell Williams	Happy
587	9	ZK	Pink feat. Nate Ruess	Just Give Me A Reason
587	10	ZK	PSY	Gangnam Style
587	11	ZK	Rihanna	What Now
587	12	ZK	Rita Ora	Radioactive
587	13	ZK	Rizzle Kicks	Lost Generation
587	14	ZK	Robbie Williams	Be A Boy
587	15	ZK	Robbie Williams	Different
587	16	ZK	Robbie Williams	Go Gentle
587	17	ZK	Robin Thicke feat. T.I. & Pharrell	Blurred Lines
587	18	ZK	Sam Bailey	Skyscraper
587	19	ZK	Saturdays	Disco Love
587	20	ZK	Union J	Carry You
588	1	ZK	OneRepublic	Counting Stars
588	2	ZK	Saturdays feat. Sean Paul	What About Us
588	3	ZK	Selena Gomez	Come And Get It
588	4	ZK	Selena Gomez	Slow Down
588	5	ZK	Stereophonics	Graffiti On The Train
588	6	ZK	Stereophonics	Indian Summer
588	7	ZK	Stooshe	Slip
588	8	ZK	Taylor Swift	22
588	9	ZK	Taylor Swift	I Knew You Were Trouble
588	10	ZK	Taylor Swift feat. Ed Sheeran	Everything Has Changed
588	11	ZK	Union J	Beautiful Life
588	12	ZK	Union J	Loving You Is Easy
588	13	ZK	Vamps	Can We Dance
588	14	ZK	Vamps	Wild Heart
588	15	ZK	Wanted	Show Me Love (America)
588	16	ZK	Wanted	Walks Like Rihanna
588	17	ZK	Wanted	We Own The Night
588	18	ZK	Wilkinson	Afterglow
588	19	ZK	will.i.am feat. Britney Spears	Scream And Shout
588	20	ZK	Zedd feat. Hayley Williams	Stay The Night
589	1	ZK	5 Seconds Of Summer	Amnesia
589	2	ZK	5 Seconds Of Summer	Don't Stop
589	3	ZK	5 Seconds Of Summer	She Looks So Perfect
589	4	ZK	A Great Big World & Christina Aguilera	Say Something
589	5	ZK	Afrojack feat. Wrabel	Ten Feet Tall
589	6	ZK	Alexa Goddard	So There
589	7	ZK	Aloe Blacc	Hello World (The World Is Ours)
589	8	ZK	Aloe Blacc	The Man
589	9	ZK	Ariana Grande feat. Big Sean	Best Mistake
589	10	ZK	Ariana Grande feat. Iggy Azalea	Problem
589	11	ZK	Ariana Grande feat. Zedd	Break Free
589	12	ZK	Avicii feat. Audra Mae	Addicted To You
589	13	ZK	Bars & Melody	Hopeful [Video Version]
589	14	ZK	Bastille	Oblivion
589	15	ZK	Becky G	Shower
589	16	ZK	Beyonce	XO
589	17	ZK	Beyonce feat. Jay - Z	Drunk In Love
589	18	ZK	Calvin Harris	Summer
589	19	ZK	Calvin Harris feat. John Newman	Blame
589	20	ZK	Charli XCX	Boom Clap
589	21	ZK	Charli XCX	Break The Rules
590	1	ZK	Cheryl	I Don't Care
590	2	ZK	Cheryl Cole feat. Tinie Tempah	Crazy Stupid Love
590	3	ZK	Christina Perri	Burning Gold
590	4	ZK	Clean Bandit feat. Jess Glynne	Rather Be
590	5	ZK	Clean Bandit feat. Sharna Bass	Extraordinary
590	6	ZK	Clean Bandit feat. Stylo G	Come Over
590	7	ZK	Coldplay	A Sky Full Of Stars
590	8	ZK	David Guetta feat. Sam Martin	Lovers On The Sun
590	9	ZK	Duke Dumont feat. Jax Jones	I Got U [Duet Version]
590	10	ZK	DVBBS & Borgeous feat. Tinie Tempah	Tsunami (Jump)
590	11	ZK	Ed Sheeran	Don't
590	12	ZK	Ed Sheeran	Sing
590	13	ZK	Ed Sheeran	Thinking Out Loud
590	14	ZK	Ella Eyre	Come Back
590	15	ZK	Ella Henderson	Ghost
590	16	ZK	Ellie Goulding	Beating Heart
590	17	ZK	Ellie Goulding	Goodness Gracious
590	18	ZK	Elyar Fox	A Billion Girls
590	19	ZK	Elyar Fox	Do It All Over Again
591	1	ZK	Enrique Iglesias feat. Pitbull	I'm A Freak
591	2	ZK	Example	One More Day (Stay With Me)
591	3	ZK	Fifth Harmony	Boss
591	4	ZK	Foxes	Glorious
591	5	ZK	Foxes	Holding Onto Heaven
591	6	ZK	George Ezra	Budapest
591	7	ZK	Gorgon City feat. MNEK	Ready For Your Love
591	8	ZK	G.R.L.	Ugly Heart
591	9	ZK	Idina Menzel	Let It Go
591	10	ZK	Iggy Azalea feat. Rita Ora	Black Widow
591	11	ZK	Jack White	Lazaretto
591	12	ZK	Jessie J feat. Ariana Grande and Nicki Minaj	Bang Bang
591	13	ZK	John Legend	All Of Me
591	14	ZK	John Martin	Anywhere For You
591	15	ZK	Katy B	Still
591	16	ZK	Katy Perry	This Is How We Do
591	17	ZK	Katy Perry feat. Juicy J	Dark Horse [Duet Version]
591	18	ZK	Kiesza	Hideaway
591	19	ZK	Kylie Minogue	Into The Blue
591	20	ZK	Lana Del Rey	West Coast
592	1	ZK	Lilly Wood & The Prick feat. Robin Schulz	Prayer In C
592	2	ZK	Lily Allen	Air Balloon
592	3	ZK	Little Mix	Little Me
592	4	ZK	Little Mix	Salute
592	5	ZK	Lorde	Team
592	6	ZK	Lorde	Tennis Court
592	7	ZK	Magic!	Let Your Hair Down
592	8	ZK	Magic!	Rude
592	9	ZK	Maroon 5	Maps
592	10	ZK	Meghan Trainor	All About That Bass
592	11	ZK	MKTO	Classic
592	12	ZK	Molly Smitten - Downes	Children Of The Universe
592	13	ZK	Mr Probz	Waves
592	14	ZK	Naughty Boy feat. Wiz Khalifa & Ella Eyre	Think About It
592	15	ZK	Neon Jungle	Braveheart
592	16	ZK	Nicki Minaj	Anaconda
592	17	ZK	Nico & Vinz	Am I Wrong
592	18	ZK	One Direction	Fireproof
592	19	ZK	One Direction	Steal My Girl
592	20	ZK	One Direction	You And I
593	1	ZK	OneRepublic	Love Runs Out
593	2	ZK	Paloma Faith	Can't Rely On You
593	3	ZK	Paloma Faith	Only Love Can Hurt Like This
593	4	ZK	Paloma Faith	Trouble With My Baby
593	5	ZK	Paul Heaton & Jacqui Abbott	D.I.Y.
593	6	ZK	Pharrell Williams	Marilyn Monroe
593	7	ZK	Pharrell Williams feat. Miley Cyrus	Come Get It Bae [For Solo Male]
593	8	ZK	Pitbull feat. Ke$ha	Timber
593	9	ZK	Rita Ora	I Will Never Let You Down
593	10	ZK	Rixton	Me And My Broken Heart
593	11	ZK	Rixton	Wait On Me
593	12	ZK	Route 94 feat. Jess Glynne	My Love
593	13	ZK	Royal Blood	Little Monster
593	14	ZK	Royal Blood	Out Of The Black
593	15	ZK	Sam Smith	I'm Not The Only One
593	16	ZK	Sam Smith	Money On My Mind
593	17	ZK	Sam Smith	Stay With Me
593	18	ZK	Secondcity feat. Ali Love	What Can I Do
593	19	ZK	Sia	Chandelier
593	20	ZK	Sigma	Nobody To Love
594	1	ZK	Sigma feat. Paloma Faith	Changing
594	2	ZK	Take That	These Days
594	3	ZK	Taylor Swift	Shake It Off
594	4	ZK	Common Linnets	Calm After The Storm
594	5	ZK	Saturdays	What Are You Waiting For
594	6	ZK	Script	Superheroes
594	7	ZK	Vamps	Last Night
594	8	ZK	Vamps	Oh Cecilia (Breaking My Heart)
594	9	ZK	Veronicas	You Ruin Me
594	10	ZK	Wanted	Glow In The Dark
594	11	ZK	Tiesto	Red Lights
594	12	ZK	Tiesto feat. Matthew Koma	Wasted
594	13	ZK	Tinie Tempah feat. Labrinth	Lover Not A Fighter
594	14	ZK	Tom Odell	Real Love
594	15	ZK	Train	Angel In Blue Jeans
594	16	ZK	Train	Cadillac Cadillac
594	17	ZK	Train	Son Of A Prison Guard
594	18	ZK	US	The Miracle (Of Joey Ramone)
594	19	ZK	will.i.am feat. Cody Wise	It's My Birthday
594	20	ZK	Zedd feat. Foxes	Clarity
595	1	ZK	5 Seconds Of Summer	Good Girls
595	2	ZK	Adam Lambert	Ghost Town
595	3	ZK	Alesso feat. Roy English	Cool
595	4	ZK	Ariana Grande feat. The Weeknd	Love Me Harder
595	5	ZK	Avicii	The Nights
595	6	ZK	Avicii feat. Martin Garrix	Waiting For Love
595	7	ZK	Band Aid 30	Do They Know It's Christmas (2014)
595	8	ZK	Becky G	Can't Stop Dancin'
595	9	ZK	Ben Haenow	Something I Need
595	10	ZK	Calvin Harris & Disciples	How Deep Is Your Love
595	11	ZK	Carly Rae Jepsen	I Really Like You
595	12	ZK	Charli XCX	Doing It
595	13	ZK	Charli XCX	Famous
595	14	ZK	Charlie Puth feat. Meghan Trainor	Marvin Gaye
595	15	ZK	Cheryl	Only Human
595	16	ZK	Clean Bandit	Stronger
595	17	ZK	Clean Bandit feat. Jess Glynne	Real Love
595	18	ZK	David Guetta feat. Emeli Sande	What I Did For Love
595	19	ZK	Demi Lovato	Cool For The Summer
596	1	ZK	Demi Lovato	Nightingale
596	2	ZK	Ed Sheeran & Rudimental	Bloodstream
596	3	ZK	Ella Henderson	Glow
596	4	ZK	Ella Henderson	Mirror Man
596	5	ZK	Ella Henderson	Yours
596	6	ZK	Elle King	Ex's And Oh's
596	7	ZK	Ellie Goulding	Love Me Like You Do
596	8	ZK	Felix Jaehn feat. Jasmine Thompson	Ain't Nobody (Loves Me Better)
596	9	ZK	Fleur East	Uptown Funk
596	10	ZK	Florence And The Machine	Ship To Wreck
596	11	ZK	George Ezra	Cassy O'
596	12	ZK	Hozier	Jackie And Wilson
596	13	ZK	Hozier	Take Me To Church
596	14	ZK	Iggy Azalea feat. Jennifer Hudson	Trouble
596	15	ZK	Imagine Dragons	I Bet My Life
596	16	ZK	James Bay	Hold Back The River
596	17	ZK	James Bay	Let It Go
596	18	ZK	James Bay	Scars
596	19	ZK	Jamie Lawson	Wasn't Expecting That
597	1	ZK	Jason Derulo	Cheyenne
597	2	ZK	Jason Derulo	Want To Want Me
597	3	ZK	Jess Glynne	Don't Be So Hard On Yourself
597	4	ZK	Jess Glynne	Hold My Hand
597	5	ZK	Jessie J	Masterpiece
597	6	ZK	Jessie J	Sweet Talker
597	7	ZK	John Newman	Come And Get It
597	8	ZK	John Newman	Try
597	9	ZK	John Newman feat. Charlie Williams	Tiring Game
597	10	ZK	Justin Bieber	What Do You Mean
597	11	ZK	Kelly Clarkson	Heartbeat Song
597	12	ZK	Labrinth	Jealous
597	13	ZK	Lawson	Roads
597	14	ZK	Little Mix	Black Magic
597	15	ZK	Lunchmoney Lewis	Bills
597	16	ZK	Madonna	Hold Tight
597	17	ZK	Madonna	Joan Of Arc
597	18	ZK	Mark Ronson feat. Bruno Mars	Uptown Funk
598	1	ZK	Marlon Roudette	When The Beat Drops Out
598	2	ZK	Maroon 5	Sugar
598	3	ZK	McBusted	Air Guitar
598	4	ZK	McBusted	Get Over It
598	5	ZK	Meghan Trainor	Dear Future Husband
598	6	ZK	Meghan Trainor	Lips Are Movin'
598	7	ZK	Meghan Trainor feat. John Legend	Like I'm Gonna Lose You
598	8	ZK	Mr Probz	Nothing Really Matters
598	9	ZK	Natalie La Rose feat. Jeremih	Somebody
598	10	ZK	Naughty Boy feat. Beyonce & Arrow Benjamin	Runnin' (Lose It All)
598	11	ZK	Nick Jonas	Chains
598	12	ZK	Nick Jonas	Jealous
598	13	ZK	Nicki Minaj	The Night Is Still Young
598	14	ZK	Nico & Vinz	In Your Arms
598	15	ZK	Olly Murs	Beautiful To Me
598	16	ZK	Olly Murs	Seasons
598	17	ZK	Olly Murs feat. Demi Lovato	Up
598	18	ZK	Olly Murs feat. Travie McCoy	Wrapped Up
598	19	ZK	OMI	Cheerleader [Felix Jaehn Remix]
599	1	ZK	One Direction	Drag Me Down
599	2	ZK	One Direction	Night Changes
599	3	ZK	OneRepublic	I Lived
599	4	ZK	R. City feat. Adam Levine	Locked Away
599	5	ZK	Rachel Platten	Fight Song
599	6	ZK	Rihanna	Bitch Better Have My Money
599	7	ZK	Rihanna feat. Kanye West & Paul McCartney	FourFiveSeconds
599	8	ZK	Rita Ora	Poison
599	9	ZK	Robin Schulz feat. Jasmine Thompson	Sun Goes Down
599	10	ZK	Sam Feldt feat. Kimberly Anne	Show Me Love
599	11	ZK	Sam Smith	Lay Me Down
599	12	ZK	Sam Smith	Like I Can
599	13	ZK	Sam Smith	Writing's On The Wall
599	14	ZK	Sam Smith & John Legend	Lay Me Down
599	15	ZK	Selena Gomez	The Heart Wants What It Wants
599	16	ZK	Sheppard	Geronimo
599	17	ZK	Sia	Alive
599	18	ZK	Sigala	Easy Love
599	19	ZK	Sigma feat. Ella Henderson	Glitterball
600	1	ZK	Take That	Get Ready For It
600	2	ZK	Take That	Let In The Sun
600	3	ZK	Taylor Swift	Bad Blood
600	4	ZK	Taylor Swift	Blank Space
600	5	ZK	Taylor Swift	Style
600	6	ZK	Taylor Swift	Wildest Dreams
600	7	ZK	Script	Man On A Wire
600	8	ZK	Weeknd	Can't Feel My Face
600	9	ZK	Weeknd	Earned It
600	10	ZK	Tinie Tempah feat. Jess Glynne	Not Letting Go
600	11	ZK	Tove Lo	Talking Body [Clean]
600	12	ZK	Walk Off The Earth	Rule The World
600	13	ZK	Walk The Moon	Shut Up And Dance
600	14	ZK	Wiz Khalifa feat. Charlie Puth	See You Again
600	15	ZK	Years & Years	Eyes Shut
600	16	ZK	Years & Years	King
600	17	ZK	Years & Years	Shine
600	18	ZK	Zedd feat. Selena Gomez	I Want You To Know
601	1	ZK	5 Seconds Of Summer	Jet Black Heart
601	2	ZK	Adam Lambert	The Original High
601	3	ZK	Adele	Hello
601	4	ZK	Adele	Million Years Ago
601	5	ZK	Adele	Send My Love (To Your New Lover)
601	6	ZK	Adele	Water Under The Bridge
601	7	ZK	Adele	When We Were Young
601	8	ZK	Alan Walker	Faded
601	9	ZK	Alessia Cara	Here
601	10	ZK	Ariana Grande	Dangerous Woman
601	11	ZK	Ariana Grande	Focus
601	12	ZK	Ariana Grande	Into You
601	13	ZK	Ariana Grande	One Last Time
601	14	ZK	Aurora	Half The World Away
601	15	ZK	Ben Haenow feat. Kelly Clarkson	Second Hand Heart
601	16	ZK	Bryan Adams	Do What Ya Gotta Do
601	17	ZK	Bryan Adams	Don't Even Try
601	18	ZK	Bryan Adams	You Belong To Me
601	19	ZK	Calum Scott	Dancing On My Own
601	20	ZK	Calum Scott	Dancing On My Own [Tiesto Remix]
602	1	ZK	Calvin Harris & Disciples	How Deep Is Your Love
602	2	ZK	Calvin Harris feat. Rihanna	This Is What You Came For
602	3	ZK	Chainsmokers feat. Daya	Don't Let Me Down
602	4	ZK	Clean Bandit feat. Louisa Johnson	Tears
602	5	ZK	Coldplay	Up&Up
602	6	ZK	Disclosure feat. Lorde	Magnets
602	7	ZK	DNCE	Cake By The Ocean [Clean]
602	8	ZK	Drake	Hotline Bling
602	9	ZK	Drake feat. Kyla & Wizkid	One Dance [Duet Version]
602	10	ZK	Drake feat. Kyla & Wizkid	One Dance [For Solo Male]
602	11	ZK	Drake feat. Rihanna	Too Good
602	12	ZK	Duke Dumont	Ocean Drive
602	13	ZK	Earl	Good Witch
602	14	ZK	Ellie Goulding	Army
602	15	ZK	Ellie Goulding	On My Mind
602	16	ZK	Ellie Goulding	Something In The Way You Move
602	17	ZK	Fifth Harmony feat. Ty Dolla Sign	Work From Home [For Solo Female]
602	18	ZK	Fleur East	Sax
602	19	ZK	Flume feat. Kai	Never Be Like You
602	20	ZK	Galantis	No Money
603	1	ZK	Gnash feat. Olivia O'Brien	I Hate U, I Love U [Clean Version]
603	2	ZK	Grace	Hell Of A Girl
603	3	ZK	Grace feat. G-Eazy	You Don't Own Me
603	4	ZK	Halsey	Colours
603	5	ZK	James Bay	Best Fake Smile
603	6	ZK	Jamie Lawson	Someone For Everyone
603	7	ZK	Jamie Lawson	Wasn't Expecting That
603	8	ZK	Jess Glynne	Take Me Home
603	9	ZK	John Newman feat. Charlie Williams	Tiring Game
603	10	ZK	Jonas Blue feat. Dakota	Fast Car
603	11	ZK	Jonas Blue feat. JP Cooper	Perfect Strangers
603	12	ZK	Justin Bieber	Company
603	13	ZK	Justin Bieber	I'll Show You
603	14	ZK	Justin Bieber	Love Yourself
603	15	ZK	Justin Bieber	Sorry
603	16	ZK	Justin Bieber	What Do You Mean
603	17	ZK	Justin Timberlake	Can't Stop The Feeling
603	18	ZK	Kelly Clarkson	Piece By Piece [American Idol Version]
603	19	ZK	Kungs vs Cookin' On 3 Burners	This Girl
603	20	ZK	Leona Lewis	Thunder
604	1	ZK	Little Mix	Love Me Like You
604	2	ZK	Little Mix feat. Jason Derulo	Secret Love Song
604	3	ZK	Little Mix feat. Sean Paul	Hair [For Solo Female]
604	4	ZK	Lost Frequencies feat. Janieck Devy	Reality
604	5	ZK	Lukas Graham	7 Years
604	6	ZK	Lukas Graham	Mama Said
604	7	ZK	Lunchmoney Lewis feat. Chloe Angelides	Whip It
604	8	ZK	Macklemore & Ryan Lewis	Downtown
604	9	ZK	Major Lazer	Cold Water [Duet Version]
604	10	ZK	Major Lazer	Cold Water [For Solo Male]
604	11	ZK	Meghan Trainor	Champagne Problems
604	12	ZK	Meghan Trainor	Me Too
604	13	ZK	Meghan Trainor	No
604	14	ZK	Meghan Trainor	Woman Up
604	15	ZK	Meghan Trainor feat. Lunchmoney Lewis	I Love Me [For Solo Female]
604	16	ZK	Mike Posner	I Took A Pill In Ibiza [Original Version]
604	17	ZK	Mike Posner	I Took A Pill In Ibiza [SeeB Remix]
604	18	ZK	M0	Kamikaze
604	19	ZK	Nathan Sykes	Over And Over Again
604	20	ZK	Nathan Sykes & Ariana Grande	Over And Over Again
605	1	ZK	Naughty Boy feat. Beyonce & Arrow Benjamin	Runnin' (Lose It All)
605	2	ZK	Olly Murs	Kiss Me
605	3	ZK	Olly Murs	Stevie Knows
605	4	ZK	Olly Murs	You Don't Know Love
605	5	ZK	One Direction	History
605	6	ZK	One Direction	If I Could Fly
605	7	ZK	One Direction	Perfect
605	8	ZK	OneRepublic	Wherever I Go
605	9	ZK	Paul Heaton & Jacqui Abbot	I Don't See Them
605	10	ZK	Paul Heaton & Jacqui Abbot	The Austerity Of Love
605	11	ZK	Pink	Just Like Fire
605	12	ZK	R City feat. Adam Levine	Locked Away
605	13	ZK	Rachel Platten	Stand By You
605	14	ZK	Radiohead	Burn The Witch
605	15	ZK	Red Hot Chili Peppers	Dark Necessities
605	16	ZK	Reggie 'N' Bollie	New Girl
605	17	ZK	Rick Astley	Angels On My Side
605	18	ZK	Rick Astley	Keep Singing
605	19	ZK	Rihanna	Bitch Better Have My Money
605	20	ZK	Rihanna feat. Drake	Work
606	1	ZK	Rudimental feat. Ed Sheeran	Lay It All On Me
606	2	ZK	Sam Smith	Writing's On The Wall
606	3	ZK	Shawn Mendes	Stitches
606	4	ZK	Shawn Mendes	Treat You Better
606	5	ZK	Sia	Cheap Thrills
606	6	ZK	Sia feat. Sean Paul	Cheap Thrills [Remix]
606	7	ZK	Sigala	Easy Love
606	8	ZK	Sigma feat. Take That	Cry
606	9	ZK	Taylor Swift	Out Of The Woods
606	10	ZK	Taylor Swift	Wildest Dreams
606	11	ZK	Corrs	Bring On The Night
606	12	ZK	Stone Roses	All For One
606	13	ZK	Weeknd	Can't Feel My Face
606	14	ZK	Weeknd	The Hills [Explicit Version]
606	15	ZK	Twenty One Pilots	Ride
606	16	ZK	will.i.am feat. Pia Mia	Boys & Girls
606	17	ZK	Years & Years	Eyes Shut
606	18	ZK	Zara Larsson	Lush Life
606	19	ZK	Zara Larsson feat. MNEK	Never Forget You
606	20	ZK	Zayn Malik	Pillowtalk
607	1	ZK	Alessia Cara	Scars To Your Beautiful
607	2	ZK	Andy Grammer	Fresh Eyes
607	3	ZK	Anne-Marie	Ciao Adios
607	4	ZK	Bebe Rexha	I Got You
607	5	ZK	Bebe Rexha feat. Lil' Wayne	The Way I Are (Dance With Somebody)
607	6	ZK	Bon Jovi	This House Is Not For Sale
607	7	ZK	Bruno Mars	24k Magic
607	8	ZK	Bruno Mars	That's What I Like
607	9	ZK	Bruno Mars	Versace On The Floor
607	10	ZK	Calvin Harris feat. Pharrell Williams, Katy Perry & Big Sean	Feels
607	11	ZK	Camila Cabello	Crying In The Club
607	12	ZK	Chainsmokers	Paris
607	13	ZK	Chainsmokers & Coldplay	Something Just Like This
607	14	ZK	Chainsmokers feat. Emily Warren	My Type
607	15	ZK	Chainsmokers feat. Halsey	Closer
607	16	ZK	Chainsmokers feat. Phoebe Ryan	All We Know
607	17	ZK	Charlie Puth	Attention
607	18	ZK	Clean Bandit feat. Anne-Marie & Sean Paul	Rockabye
607	19	ZK	Clean Bandit feat. Zara Larsson	Symphony
607	20	ZK	David Guetta feat. Justin Bieber	2U
608	1	ZK	Daya	Sit Still, Look Pretty
608	2	ZK	Demi Lovato	Sorry Not Sorry
608	3	ZK	Depeche Mode	Where's The Revolution
608	4	ZK	DJ Khaled feat. Justin Bieber & Friends	I'm The One
608	5	ZK	DNCE	Body Moves
608	6	ZK	DNCE	Toothbrush
608	7	ZK	Drake	Passionfruit
608	8	ZK	Dua Lipa	Be The One
608	9	ZK	Dua Lipa	New Rules
608	10	ZK	Ed Sheeran	Castle On The Hill
608	11	ZK	Ed Sheeran	Dive
608	12	ZK	Ed Sheeran	Galway Girl
608	13	ZK	Ed Sheeran	How Would You Feel (Paean)
608	14	ZK	Ed Sheeran	Shape Of You
608	15	ZK	Emeli Sande	Breathing Underwater
608	16	ZK	Fifth Harmony	That's My Girl
608	17	ZK	French Montana feat. Swae Lee	Unforgettable
608	18	ZK	Green Day	Still Breathing
608	19	ZK	Hailee Steinfeld	Most Girls
609	1	ZK	Halsey	Eyes Closed
609	2	ZK	Harry Styles	Sign Of The Times
609	3	ZK	Harry Styles	Sweet Creature
609	4	ZK	Imagine Dragons	Believer
609	5	ZK	Imagine Dragons	Thunder
609	6	ZK	Imelda May	Black Tears
609	7	ZK	Jason Derulo feat. Ty Dolla Sign & Nicki Minaj	Swalla [For Solo Male]
609	8	ZK	Jax Jones feat. Raye	You Don't Know Me
609	9	ZK	John Legend	Love Me Now
609	10	ZK	Jonas Blue feat. William Singe	Mama
609	11	ZK	JP Cooper	September Song
609	12	ZK	Julia Michaels	Issues
609	13	ZK	Kasabian	Comeback Kid
609	14	ZK	Katy Perry feat. Migos	Bon Appetit [For Solo Female]
609	15	ZK	Katy Perry feat. Nicki Minaj	Swish Swish
609	16	ZK	Katy Perry feat. Skip Marley	Chained To The Rhythm [For Solo Female]
609	17	ZK	Kygo feat. Selena Gomez	It Ain't Me
609	18	ZK	Lady Gaga	Million Reasons
609	19	ZK	Lady Gaga	The Cure
609	20	ZK	Lana Del Rey	Love
610	1	ZK	Lana Del Rey feat. The Weeknd	Lust For Life
610	2	ZK	Liam Payne feat. Quavo	Strip That Down
610	3	ZK	Little Mix	Shout Out To My Ex
610	4	ZK	Little Mix	Touch
610	5	ZK	Lorde	Green Light
610	6	ZK	Lorde	Perfect Places
610	7	ZK	Louis Tomlinson feat. Bebe Rexha & D.F.A.	Back To You
610	8	ZK	Louisa Johnson	Best Behaviour
610	9	ZK	Lukas Graham	You're Not There
610	10	ZK	Maggie Lindemann	Pretty Girl [Remix]
610	11	ZK	Major Lazer feat. Nicki Minaj & Partynextdoor	Run Up
610	12	ZK	Maroon 5 feat. Kendrick Lamar	Don't Wanna Know
610	13	ZK	Michael Buble	I Believe In You
610	14	ZK	Miley Cyrus	Malibu
610	15	ZK	Moana	How Far I'll Go
610	16	ZK	Moana	Shiny
610	17	ZK	Moana	You're Welcome
610	18	ZK	Nathan Sykes	Famous
610	19	ZK	Neiked feat. Dyo	Sexual
610	20	ZK	Niall Horan	Slow Hands
610	21	ZK	Niall Horan	This Town
611	1	ZK	Olly Murs	Grow Up
611	2	ZK	Olly Murs	Years And Years
611	3	ZK	Panic At The Disco	LA Devotee
611	4	ZK	Paul Heaton & Jacqui Abbott	I Gotta Praise
611	5	ZK	Pink	What About Us
611	6	ZK	Rag'n'Bone Man	Human
611	7	ZK	Rag'n'Bone Man	Lay My Body Down
611	8	ZK	Rag'n'Bone Man	Skin
611	9	ZK	Rihanna	Sledgehammer
611	10	ZK	Rita Ora	Your Song
611	11	ZK	Robbie Williams	Love My Life
611	12	ZK	Robbie Williams	Party Like A Russian
611	13	ZK	Selena Gomez	Bad Liar
611	14	ZK	Selena Gomez	Kill Em With Kindness
611	15	ZK	Shawn Mendes	Mercy
611	16	ZK	Shawn Mendes	There's Nothing Holdin' Me Back
611	17	ZK	Sia	Move Your Body
611	18	ZK	Sia	Never Give Up
611	19	ZK	Sigala & Ella Eyre	Came Here For Love
611	20	ZK	Starley	Call On Me [Original Version]
612	1	ZK	Starley	Call On Me [Ryan Riback Remix]
612	2	ZK	Steps	Scared Of The Dark
612	3	ZK	Steve Aoki & Louis Tomlinson	Just Hold On
612	4	ZK	Take That	Giants
612	5	ZK	Tom Odell	Here I Am
612	6	ZK	Train	Play That Song
612	7	ZK	Train	Valentine
612	8	ZK	Ward Thomas	Carry You Home
612	9	ZK	Ward Thomas	Cartwheels
612	10	ZK	Ward Thomas	Guilty Flowers
612	11	ZK	Weeknd	False Alarm
612	12	ZK	Weeknd	Party Monster
612	13	ZK	Weeknd feat. Daft Punk	I Feel It Coming
612	14	ZK	Weeknd feat. Daft Punk	Starboy
612	15	ZK	Years & Years	Meteorite
612	16	ZK	You Me At Six	Night People
612	17	ZK	Zara Larsson	I Would Like
612	18	ZK	Zayn & Taylor Swift	I Don't Wanna Live Forever
612	19	ZK	Zedd feat. Alessia Cara	Stay
612	20	ZK	Zedd feat. Liam Payne	Get Low